<?xml version="1.0" encoding="UTF-8"?>
<GenRun Id="impl_1" LaunchPart="xc7z010clg400-1" LaunchTime="1649621074">
  <File Type="ROUTE-PWR" Name="main_lut_power_routed.rpt"/>
  <File Type="PA-TCL" Name="main_lut.tcl"/>
  <File Type="ROUTE-PWR-SUM" Name="main_lut_power_summary_routed.pb"/>
  <File Type="REPORTS-TCL" Name="main_lut_reports.tcl"/>
  <File Type="BITSTR-MSK" Name="main_lut.msk"/>
  <File Type="ROUTE-CLK" Name="main_lut_clock_utilization_routed.rpt"/>
  <File Type="RDI-RDI" Name="main_lut.vdi"/>
  <File Type="BG-BIT" Name="main_lut.bit"/>
  <File Type="BG-DRC" Name="main_lut.drc"/>
  <File Type="BG-BGN" Name="main_lut.bgn"/>
  <File Type="BG-BIN" Name="main_lut.bin"/>
  <File Type="BITSTR-RBT" Name="main_lut.rbt"/>
  <File Type="BITSTR-NKY" Name="main_lut.nky"/>
  <File Type="BITSTR-BMM" Name="main_lut_bd.bmm"/>
  <File Type="BITSTR-MMI" Name="main_lut.mmi"/>
  <File Type="ROUTE-METHODOLOGY-DRC" Name="main_lut_methodology_drc_routed.rpt"/>
  <File Type="BITSTR-SYSDEF" Name="main_lut.sysdef"/>
  <File Type="BITSTR-LTX" Name="debug_nets.ltx"/>
  <File Type="BITSTR-LTX" Name="main_lut.ltx"/>
  <File Type="WBT-USG" Name="usage_statistics_webtalk.html"/>
  <File Type="OPT-DRC" Name="main_lut_drc_opted.rpt"/>
  <File Type="OPT-HWDEF" Name="main_lut.hwdef"/>
  <File Type="PLACE-IO" Name="main_lut_io_placed.rpt"/>
  <File Type="PLACE-UTIL" Name="main_lut_utilization_placed.rpt"/>
  <File Type="PLACE-UTIL-PB" Name="main_lut_utilization_placed.pb"/>
  <File Type="PLACE-CTRL" Name="main_lut_control_sets_placed.rpt"/>
  <File Type="PLACE-PRE-SIMILARITY" Name="main_lut_incremental_reuse_pre_placed.rpt"/>
  <File Type="ROUTE-DRC" Name="main_lut_drc_routed.rpt"/>
  <File Type="ROUTE-DRC-PB" Name="main_lut_drc_routed.pb"/>
  <File Type="ROUTE-PWR-RPX" Name="main_lut_power_routed.rpx"/>
  <File Type="ROUTE-STATUS" Name="main_lut_route_status.rpt"/>
  <File Type="ROUTE-STATUS-PB" Name="main_lut_route_status.pb"/>
  <File Type="ROUTE-DCP" Name="main_lut_routed.dcp"/>
  <File Type="ROUTE-ERROR-DCP" Name="main_lut_routed_error.dcp"/>
  <File Type="ROUTE-BLACKBOX-DCP" Name="main_lut_routed_bb.dcp"/>
  <File Type="ROUTE-TIMINGSUMMARY" Name="main_lut_timing_summary_routed.rpt"/>
  <File Type="ROUTE-TIMING-PB" Name="main_lut_timing_summary_routed.pb"/>
  <File Type="ROUTE-TIMING-RPX" Name="main_lut_timing_summary_routed.rpx"/>
  <File Type="ROUTE-BUS-SKEW" Name="main_lut_bus_skew_routed.rpt"/>
  <File Type="ROUTE-BUS-SKEW-PB" Name="main_lut_bus_skew_routed.pb"/>
  <File Type="ROUTE-BUS-SKEW-RPX" Name="main_lut_bus_skew_routed.rpx"/>
  <File Type="OPT-DCP" Name="main_lut_opt.dcp"/>
  <File Type="PLACE-DCP" Name="main_lut_placed.dcp"/>
  <File Type="PWROPT-DCP" Name="main_lut_pwropt.dcp"/>
  <File Type="POSTPLACE-PWROPT-DCP" Name="main_lut_postplace_pwropt.dcp"/>
  <File Type="PHYSOPT-DCP" Name="main_lut_physopt.dcp"/>
  <File Type="POSTROUTE-PHYSOPT-DCP" Name="main_lut_postroute_physopt.dcp"/>
  <File Type="POSTROUTE-PHYSOPT-BLACKBOX-DCP" Name="main_lut_postroute_physopt_bb.dcp"/>
  <File Type="ROUTE-METHODOLOGY-DRC-PB" Name="main_lut_methodology_drc_routed.pb"/>
  <File Type="ROUTE-DRC-RPX" Name="main_lut_drc_routed.rpx"/>
  <File Type="ROUTE-METHODOLOGY-DRC-RPX" Name="main_lut_methodology_drc_routed.rpx"/>
  <File Type="PDI-FILE" Name="main_lut.pdi"/>
  <File Type="RCFI_FILE" Name="main_lut.rcfi"/>
  <File Type="CFI_FILE" Name="main_lut.cfi"/>
  <File Type="RNPI_FILE" Name="main_lut.rnpi"/>
  <File Type="NPI_FILE" Name="main_lut.npi"/>
  <File Type="RBD_FILE" Name="main_lut.rbd"/>
  <FileSet Name="sources" Type="DesignSrcs" RelSrcDir="$PSRCDIR/sources_1" RelGenDir="$PGENDIR/sources_1">
    <Filter Type="Srcs"/>
    <File Path="$PSRCDIR/sources_1/ip/blk_mem_gen_0/blk_mem_gen_0.xci">
      <FileInfo>
        <Attr Name="ImportPath" Val="D:/studia_zadania/SR/Systemy_Rekonfigurowalne/lab5/simulation_models/simulation_models.srcs/sources_1/ip/blk_mem_gen_0/blk_mem_gen_0.xci"/>
        <Attr Name="ImportTime" Val="1649605233"/>
        <Attr Name="UsedIn" Val="synthesis"/>
        <Attr Name="UsedIn" Val="implementation"/>
        <Attr Name="UsedIn" Val="simulation"/>
      </FileInfo>
    </File>
    <File Path="$PSRCDIR/sources_1/new/main_lut.v">
      <FileInfo>
        <Attr Name="ImportPath" Val="D:/studia_zadania/SR/Systemy_Rekonfigurowalne/lab5/simulation_models/simulation_models.srcs/sources_1/new/main_lut.v"/>
        <Attr Name="ImportTime" Val="1649605518"/>
        <Attr Name="UsedIn" Val="synthesis"/>
        <Attr Name="UsedIn" Val="implementation"/>
        <Attr Name="UsedIn" Val="simulation"/>
      </FileInfo>
    </File>
    <File Path="$PSRCDIR/sources_1/imports/lab5/lut_bin.coe">
      <FileInfo>
        <Attr Name="ImportPath" Val="D:/studia_zadania/SR/Systemy_Rekonfigurowalne/lab5/lut_bin.coe"/>
        <Attr Name="ImportTime" Val="1649605152"/>
        <Attr Name="UsedIn" Val="synthesis"/>
        <Attr Name="UsedIn" Val="simulation"/>
      </FileInfo>
    </File>
    <Config>
      <Option Name="DesignMode" Val="RTL"/>
      <Option Name="TopModule" Val="main_lut"/>
      <Option Name="TopAutoSet" Val="TRUE"/>
    </Config>
  </FileSet>
  <FileSet Name="constrs_in" Type="Constrs" RelSrcDir="$PSRCDIR/constrs_1">
    <Filter Type="Constrs"/>
    <Config>
      <Option Name="ConstrsType" Val="XDC"/>
    </Config>
  </FileSet>
  <FileSet Name="utils" Type="Utils" RelSrcDir="$PSRCDIR/utils_1">
    <Filter Type="Utils"/>
    <Config>
      <Option Name="TopAutoSet" Val="TRUE"/>
    </Config>
  </FileSet>
  <Strategy Version="1" Minor="2">
    <StratHandle Name="Vivado Implementation Defaults" Flow="Vivado Implementation 2021"/>
    <Step Id="init_design"/>
    <Step Id="opt_design"/>
    <Step Id="power_opt_design"/>
    <Step Id="place_design"/>
    <Step Id="post_place_power_opt_design"/>
    <Step Id="phys_opt_design"/>
    <Step Id="route_design"/>
    <Step Id="post_route_phys_opt_design"/>
    <Step Id="write_bitstream"/>
    <Step Id="write_device_image"/>
  </Strategy>
</GenRun>
