<?xml version="1.0" encoding="UTF-8"?>
<GenRun Id="synth_1" LaunchPart="xc7z010clg400-1" LaunchTime="1649620944">
  <File Type="PA-TCL" Name="main_lut.tcl"/>
  <File Type="REPORTS-TCL" Name="main_lut_reports.tcl"/>
  <File Type="RDS-RDS" Name="main_lut.vds"/>
  <File Type="RDS-UTIL" Name="main_lut_utilization_synth.rpt"/>
  <File Type="RDS-UTIL-PB" Name="main_lut_utilization_synth.pb"/>
  <File Type="RDS-DCP" Name="main_lut.dcp"/>
  <FileSet Name="sources" Type="DesignSrcs" RelSrcDir="$PSRCDIR/sources_1" RelGenDir="$PGENDIR/sources_1">
    <Filter Type="Srcs"/>
    <File Path="$PSRCDIR/sources_1/ip/blk_mem_gen_0/blk_mem_gen_0.xci">
      <FileInfo>
        <Attr Name="ImportPath" Val="D:/studia_zadania/SR/Systemy_Rekonfigurowalne/lab5/simulation_models/simulation_models.srcs/sources_1/ip/blk_mem_gen_0/blk_mem_gen_0.xci"/>
        <Attr Name="ImportTime" Val="1649605233"/>
        <Attr Name="UsedIn" Val="synthesis"/>
        <Attr Name="UsedIn" Val="implementation"/>
        <Attr Name="UsedIn" Val="simulation"/>
      </FileInfo>
    </File>
    <File Path="$PSRCDIR/sources_1/new/main_lut.v">
      <FileInfo>
        <Attr Name="ImportPath" Val="D:/studia_zadania/SR/Systemy_Rekonfigurowalne/lab5/simulation_models/simulation_models.srcs/sources_1/new/main_lut.v"/>
        <Attr Name="ImportTime" Val="1649605518"/>
        <Attr Name="UsedIn" Val="synthesis"/>
        <Attr Name="UsedIn" Val="implementation"/>
        <Attr Name="UsedIn" Val="simulation"/>
      </FileInfo>
    </File>
    <File Path="$PSRCDIR/sources_1/imports/lab5/lut_bin.coe">
      <FileInfo>
        <Attr Name="ImportPath" Val="D:/studia_zadania/SR/Systemy_Rekonfigurowalne/lab5/lut_bin.coe"/>
        <Attr Name="ImportTime" Val="1649605152"/>
        <Attr Name="UsedIn" Val="synthesis"/>
        <Attr Name="UsedIn" Val="simulation"/>
      </FileInfo>
    </File>
    <Config>
      <Option Name="DesignMode" Val="RTL"/>
      <Option Name="TopModule" Val="main_lut"/>
      <Option Name="TopAutoSet" Val="TRUE"/>
    </Config>
  </FileSet>
  <FileSet Name="constrs_in" Type="Constrs" RelSrcDir="$PSRCDIR/constrs_1">
    <Filter Type="Constrs"/>
    <Config>
      <Option Name="ConstrsType" Val="XDC"/>
    </Config>
  </FileSet>
  <FileSet Name="utils" Type="Utils" RelSrcDir="$PSRCDIR/utils_1">
    <Filter Type="Utils"/>
    <Config>
      <Option Name="TopAutoSet" Val="TRUE"/>
    </Config>
  </FileSet>
  <Strategy Version="1" Minor="2">
    <StratHandle Name="Vivado Synthesis Defaults" Flow="Vivado Synthesis 2021"/>
    <Step Id="synth_design"/>
  </Strategy>
</GenRun>
